timestamp,cat_x,cat_y,cat_z,laser_x,laser_y,laser_z,engagement_indicator,time_since_engagement,distance_to_boundary_x,distance_to_boundary_z
0.03845215,0.1347427,-0.7856328,1.341969,0.132,-1.023,0.942,0,576.0064,0.318,0.612
0.2026367,0.1348744,-0.7856635,1.341931,0.132,-1.023,0.942,0,576.1064,0.318,0.612
0.3044434,0.1349807,-0.7858818,1.341991,0.132,-1.023,0.942,0,576.2064,0.318,0.612
0.4051514,0.1352322,-0.7861476,1.34244,0.132,-1.023,0.942,0,576.3063,0.318,0.612
0.5439453,0.1353928,-0.7863328,1.342819,0.132,-1.023,0.942,0,576.4063,0.318,0.612
0.6674805,0.1354039,-0.7863536,1.343299,0.132,-1.023,0.942,0,576.5063,0.318,0.612
0.7735596,0.135557,-0.7864044,1.343115,0.132,-1.023,0.942,0,576.6063,0.318,0.612
0.9197998,0.1354889,-0.786551,1.343205,0.132,-1.023,0.942,0,576.7062,0.318,0.612
1.035645,0.1354348,-0.7869685,1.343382,0.132,-1.023,0.942,0,576.8062,0.318,0.612
1.143311,0.1355859,-0.7870135,1.343553,0.132,-1.023,0.942,0,576.9062,0.318,0.612
1.247925,0.1355166,-0.7870014,1.343681,0.132,-1.023,0.942,0,577.0062,0.318,0.612
1.371704,0.1355456,-0.7867158,1.343955,0.132,-1.023,0.942,0,577.1061,0.318,0.612
1.508545,0.1354667,-0.7870091,1.343552,0.132,-1.023,0.942,0,577.2061,0.318,0.612
1.618408,0.1354699,-0.7868854,1.343974,0.132,-1.023,0.942,0,577.3061,0.318,0.612
1.730103,0.1356398,-0.787088,1.343934,0.132,-1.023,0.942,0,577.4061,0.318,0.612
1.837158,0.1356155,-0.7872071,1.343925,0.132,-1.023,0.942,0,577.506,0.318,0.612
1.939087,0.1355727,-0.7872399,1.344215,0.132,-1.023,0.942,0,577.606,0.318,0.612
2.048828,0.1356815,-0.7873841,1.343917,0.132,-1.023,0.942,0,577.706,0.318,0.612
2.156738,0.1356565,-0.7870265,1.344383,0.132,-1.023,0.942,0,577.806,0.318,0.612
2.263062,0.1356589,-0.7875135,1.344106,0.132,-1.023,0.942,0,577.9059,0.318,0.612
2.386108,0.1355627,-0.7874373,1.344706,0.132,-1.023,0.942,0,578.0059,0.318,0.612
2.490967,0.1357001,-0.7878683,1.344344,0.132,-1.023,0.942,0,578.1059,0.318,0.612
2.598022,0.1356419,-0.7875208,1.344976,0.132,-1.023,0.942,0,578.2059,0.318,0.612
2.698975,0.1356371,-0.7877018,1.34462,0.132,-1.023,0.942,0,578.3058,0.318,0.612
2.802246,0.1355261,-0.7872334,1.345034,0.132,-1.023,0.942,0,578.4058,0.318,0.612
2.90625,0.1355733,-0.7876117,1.344773,0.132,-1.023,0.942,0,578.5058,0.318,0.612
3.025635,0.1355234,-0.7877896,1.34501,0.132,-1.023,0.942,0,578.6058,0.318,0.612
3.143066,0.1355619,-0.7878402,1.345007,0.132,-1.023,0.942,0,578.7057,0.318,0.612
3.261841,0.1356424,-0.7879251,1.344808,0.132,-1.023,0.942,0,578.8057,0.318,0.612
3.366211,0.1358154,-0.7877564,1.344907,0.132,-1.023,0.942,0,578.9057,0.318,0.612
3.479126,0.1355738,-0.7876515,1.344884,0.132,-1.023,0.942,0,579.0057,0.318,0.612
3.897827,0.1224232,-0.7517868,1.214782,0.132,-1.023,0.942,0,579.1057,0.318,0.612
4.206909,0.1598247,-0.7528793,1.077131,0.132,-1.023,0.942,0,579.2056,0.318,0.612
4.322632,0.1651572,-0.7590545,1.050377,0.132,-1.023,0.942,0,579.3056,0.318,0.612
4.423462,0.1689304,-0.7627179,1.045999,0.132,-1.023,0.942,0,579.4056,0.318,0.612
4.525269,0.1720168,-0.7673569,1.050985,0.132,-1.023,0.942,0,579.5056,0.318,0.612
4.626831,0.1722302,-0.7691222,1.054317,0.132,-1.023,0.942,0,579.6055,0.318,0.612
4.804199,0.1693481,-0.767912,1.061109,0.189,-1.023,0.946,0,579.7055,0.261,0.6159999
5.02002,0.1700842,-0.7672157,1.065223,-0.163,-1.023,1.06,0,579.8055,0.613,0.7299999
5.132935,0.1755178,-0.7636535,1.066293,-0.161,-1.023,1.106,0,579.9055,0.611,0.7759999
5.473999,0.2498249,-0.7693133,1.06133,0.006,-1.023,1.5,0,580.0054,0.444,0.8599999
5.728394,0.2722757,-0.7907568,1.066966,-0.046,-1.023,1.018,0,580.1054,0.496,0.688
5.838257,0.2735086,-0.7909554,1.06574,-0.034,-1.023,0.924,0,580.2054,0.484,0.594
6.266846,0.2642809,-0.7904692,1.067217,0.069,-1.023,1.619,0,580.3054,0.381,0.7409999
6.395264,0.2644858,-0.7904711,1.06756,0.073,-1.023,1.68,0,580.4053,0.377,0.6799999
6.498901,0.2649415,-0.790768,1.067494,0.074,-1.023,1.684,0,580.5053,0.376,0.6759999
6.608887,0.2621349,-0.7906874,1.067377,0.074,-1.023,1.684,0,580.6053,0.376,0.6759999
6.826538,0.2635013,-0.790182,1.068586,0.03,-1.023,1.272,0,580.7053,0.42,0.9419999
6.997803,0.263629,-0.7904701,1.068828,-0.022,-1.023,1.081,0,580.8052,0.472,0.7509999
7.103638,0.2636732,-0.7903899,1.069204,-0.032,-1.023,1.047,0,580.9052,0.482,0.717
7.222168,0.2636733,-0.7903729,1.069641,-0.032,-1.023,1.047,0,581.0052,0.482,0.717
7.339478,0.2639319,-0.7899876,1.069435,-0.033,-1.023,1.042,0,581.1052,0.483,0.712
7.470337,0.2644823,-0.7899356,1.068728,-0.021,-1.023,0.976,0,581.2051,0.471,0.646
7.571899,0.2648368,-0.7900836,1.068619,-0.015,-1.023,0.936,0,581.3051,0.465,0.6059999
7.686523,0.2641445,-0.7902792,1.068756,0.001,-1.023,0.86,0,581.4051,0.449,0.53
7.79895,0.2646925,-0.7904817,1.068337,0.005,-1.023,0.854,0,581.5051,0.445,0.5239999
7.927124,0.2647488,-0.7907214,1.067562,0.004,-1.023,0.877,0,581.605,0.446,0.5469999
8.156128,0.2644348,-0.790673,1.067289,-0.022,-1.023,1.081,0,581.705,0.472,0.7509999
8.271606,0.2646973,-0.7908835,1.067294,-0.051,-1.023,1.181,0,581.805,0.501,0.851
8.398804,0.2647959,-0.7909185,1.067522,-0.062,-1.023,1.222,0,581.905,0.512,0.892
8.518677,0.2659139,-0.7878845,1.068652,-0.07,-1.023,1.298,0,582.0049,0.52,0.9679999
8.687134,0.2607902,-0.7910956,1.068831,-0.063,-1.023,1.475,0,582.1049,0.513,0.8849999
8.791504,0.2628561,-0.7908767,1.068338,-0.063,-1.023,1.475,0,582.2049,0.513,0.8849999
8.89563,0.2639823,-0.7911988,1.068319,-0.063,-1.023,1.475,0,582.3049,0.513,0.8849999
9.158936,0.2683634,-0.7912738,1.07004,-0.02,-1.023,1.023,0,582.4048,0.47,0.693
9.266846,0.2672128,-0.7911487,1.070331,-0.01,-1.023,0.989,0,582.5048,0.46,0.659
9.376221,0.2677666,-0.7911437,1.070192,-0.01,-1.023,0.989,0,582.6048,0.46,0.659
9.485962,0.2662883,-0.7910395,1.071729,-0.01,-1.023,0.989,0,582.7048,0.46,0.659
9.617676,0.2628219,-0.7909903,1.068976,-0.02,-1.023,0.905,0,582.8047,0.47,0.5749999
9.739258,0.2621369,-0.7907118,1.069263,-0.02,-1.023,0.905,0,582.9047,0.47,0.5749999
9.863403,0.2621913,-0.7906225,1.069348,-0.02,-1.023,0.905,0,583.0047,0.47,0.5749999
10.01123,0.2629109,-0.7910346,1.06907,-0.023,-1.023,0.938,0,583.1047,0.473,0.608
10.12512,0.2630161,-0.7909726,1.069276,-0.027,-1.023,0.939,0,583.2047,0.477,0.609
10.34436,0.2632195,-0.7911289,1.069057,-0.04,-1.023,0.431,0,583.3046,0.49,0.101
10.44946,0.2632883,-0.7909836,1.069193,-0.04,-1.023,0.431,0,583.4046,0.49,0.101
10.5614,0.2630689,-0.7909571,1.069202,-0.04,-1.023,0.431,0,583.5046,0.49,0.101
10.9187,0.2623765,-0.7906469,1.069477,-0.169,-1.023,1.426,0,583.6046,0.619,0.9339999
11.0625,0.2623805,-0.7903647,1.069488,-0.172,-1.023,1.564,0,583.7045,0.622,0.7959999
11.17908,0.2618415,-0.7902866,1.06945,-0.167,-1.023,1.598,0,583.8045,0.617,0.7619998
11.59265,0.262393,-0.7905263,1.069601,0.393,-1.023,1.718,0,583.9045,0.05699998,0.6419998
11.72339,0.2623656,-0.7905282,1.069741,0.402,-1.023,1.716,0,584.0045,0.04799998,0.6439999
11.8396,0.2624235,-0.7902839,1.069417,0.402,-1.023,1.716,0,584.1044,0.04799998,0.6439999
11.99731,0.2622387,-0.7902646,1.06974,0.057,-1.023,1.737,0,584.2044,0.393,0.6229999
12.10498,0.2625816,-0.7902941,1.069659,0.054,-1.023,1.734,0,584.3044,0.396,0.6259999
12.23413,0.2624643,-0.7903971,1.069698,0.045,-1.023,1.725,0,584.4044,0.405,0.6349999
12.60425,0.262519,-0.7900788,1.06992,-0.106,-1.023,0.867,0,584.5043,0.556,0.5369999
12.72473,0.2626555,-0.7900875,1.070279,-0.109,-1.023,0.786,0,584.6043,0.559,0.456
12.82617,0.2626064,-0.7900305,1.070344,-0.109,-1.023,0.786,0,584.7043,0.559,0.456
13.11194,0.2634799,-0.7899686,1.07022,-0.113,-1.023,1.662,0,584.8043,0.563,0.698
13.22766,0.2633688,-0.7900593,1.070171,-0.112,-1.023,1.666,0,584.9042,0.562,0.6939999
13.4928,0.2634493,-0.7894922,1.069704,0.39,-1.023,1.728,0,585.0042,0.06,0.6319999
13.60718,0.2637446,-0.7896706,1.069679,0.397,-1.023,1.73,0,585.1042,0.05299997,0.6299999
13.88477,0.2643526,-0.7895843,1.070028,-0.008,-1.023,1.676,0,585.2042,0.458,0.6839999
13.98706,0.2642877,-0.7894467,1.070278,-0.015,-1.023,1.674,0,585.3041,0.465,0.6859999
14.37158,0.2643016,-0.7888656,1.070677,-0.049,-1.023,0.707,0,585.4041,0.499,0.377
14.47766,0.2645484,-0.7890173,1.070758,-0.056,-1.023,0.665,0,585.5041,0.506,0.335
14.78003,0.2644647,-0.7887076,1.070722,-0.062,-1.023,1.614,0,585.6041,0.512,0.7459999
14.89355,0.2641726,-0.7885409,1.070914,-0.064,-1.023,1.606,0,585.704,0.514,0.7539999
15.10022,0.2638318,-0.7887352,1.071223,0.325,-1.023,1.61,0,585.804,0.125,0.7499999
15.20459,0.2639633,-0.7886932,1.071396,0.349,-1.023,1.616,0,585.904,0.101,0.7439998
15.30945,0.2638645,-0.7887404,1.071647,0.349,-1.023,1.616,0,586.004,0.101,0.7439998
15.4563,0.2641669,-0.7885706,1.071693,-0.088,-1.023,1.623,0,586.1039,0.538,0.7369999
15.57336,0.263977,-0.788555,1.07187,-0.088,-1.023,1.623,0,586.2039,0.538,0.7369999
15.68579,0.2638056,-0.788438,1.071688,-0.093,-1.023,1.613,0,586.3039,0.543,0.7469999
15.91174,0.2638668,-0.7882908,1.071962,-0.119,-1.023,0.824,0,586.4039,0.569,0.494
16.02026,0.263996,-0.7884254,1.07211,-0.124,-1.023,0.772,0,586.5038,0.574,0.442
16.12537,0.2641158,-0.7884653,1.072124,-0.123,-1.023,0.777,0,586.6038,0.573,0.447
16.34338,0.2638956,-0.7882393,1.072031,-0.169,-1.023,1.633,0,586.7038,0.619,0.7269999
16.45483,0.2640747,-0.7881086,1.072018,-0.171,-1.023,1.638,0,586.8038,0.621,0.7219999
16.70703,0.2642286,-0.7880172,1.071688,0.35,-1.023,1.626,0,586.9037,0.09999999,0.7339998
16.81873,0.2644547,-0.7881227,1.072056,0.35,-1.023,1.626,0,587.0037,0.09999999,0.7339998
17.07092,0.264784,-0.7881192,1.07204,-0.093,-1.023,1.673,0,587.1037,0.543,0.6869999
17.17224,0.2647859,-0.788285,1.072013,-0.093,-1.023,1.673,0,587.2037,0.543,0.6869999
17.28381,0.2646977,-0.7881677,1.071957,-0.093,-1.023,1.673,0,587.3036,0.543,0.6869999
17.58508,0.265074,-0.7883103,1.071792,-0.167,-1.023,0.708,0,587.4036,0.617,0.378
17.68567,0.2647701,-0.7881973,1.072081,-0.167,-1.023,0.708,0,587.5036,0.617,0.378
18.01636,0.2649659,-0.7882757,1.071918,-0.165,-1.023,1.648,0,587.6036,0.615,0.7119999
18.1272,0.264851,-0.7880723,1.071927,-0.165,-1.023,1.648,0,587.7036,0.615,0.7119999
18.38062,0.2650348,-0.7883292,1.071799,0.396,-1.023,1.634,0,587.8035,0.05399999,0.726
18.49939,0.2653939,-0.7883512,1.071779,0.396,-1.023,1.634,0,587.9035,0.05399999,0.726
18.74243,0.2650164,-0.7883199,1.071899,-0.133,-1.023,1.637,0,588.0035,0.583,0.7229999
18.87292,0.2650893,-0.7882578,1.071921,-0.133,-1.023,1.637,0,588.1035,0.583,0.7229999
19.18982,0.2648193,-0.7882043,1.072313,-0.186,-1.023,0.724,0,588.2034,0.636,0.394
19.29675,0.2648897,-0.7881855,1.072491,-0.187,-1.023,0.718,0,588.3034,0.637,0.388
19.39905,0.2649576,-0.7881989,1.072338,-0.187,-1.023,0.718,0,588.4034,0.637,0.388
19.54419,0.2658885,-0.7882368,1.073212,-0.177,-1.023,0.516,0,588.5034,0.627,0.186
19.64514,0.2665452,-0.7880602,1.074823,-0.164,-1.023,0.486,0,588.6033,0.614,0.156
19.75903,0.2695034,-0.7879301,1.076119,-0.119,-1.023,0.482,0,588.7033,0.569,0.152
19.98962,0.2670367,-0.7882529,1.074766,0.428,-1.023,0.527,0,588.8033,0.02199998,0.197
20.09607,0.2675508,-0.7883525,1.074623,0.432,-1.023,0.526,0,588.9033,0.01799998,0.196
20.20959,0.2677424,-0.7884756,1.07463,0.432,-1.023,0.526,0,589.0032,0.01799998,0.196
20.43469,0.2672529,-0.7880734,1.07476,0.814,-1.023,0.486,0,589.1032,0.364,0.156
20.54639,0.2671152,-0.7881452,1.074945,0.814,-1.023,0.486,0,589.2032,0.364,0.156
20.83887,0.2659484,-0.7877269,1.074738,0.85,-1.023,1.224,0,589.3032,0.4,0.8939999
20.93958,0.2655367,-0.7873855,1.074342,0.85,-1.023,1.224,0,589.4031,0.4,0.8939999
21.04211,0.2651909,-0.7875473,1.074332,0.85,-1.023,1.224,0,589.5031,0.4,0.8939999
21.27185,0.2651989,-0.7874404,1.074263,0.213,-1.023,1.459,0,589.6031,0.237,0.9009999
21.37439,0.2652434,-0.7874228,1.074126,0.189,-1.023,1.456,0,589.7031,0.261,0.9039999
21.50525,0.2652319,-0.7878662,1.074528,0.185,-1.023,1.453,0,589.803,0.265,0.9069999
21.6261,0.2654114,-0.7879292,1.073887,0.181,-1.023,1.454,0,589.903,0.269,0.9059999
21.73267,0.2655132,-0.7878255,1.074071,-0.159,-1.023,1.483,0,590.003,0.609,0.8769999
21.83508,0.2654624,-0.7876453,1.07407,-0.159,-1.023,1.483,0,590.103,0.609,0.8769999
21.9635,0.2656434,-0.7879328,1.073948,-0.162,-1.023,1.472,0,590.2029,0.612,0.8879999
22.17761,0.2663246,-0.7880636,1.073987,-0.223,-1.023,0.512,0,590.3029,0.673,0.182
22.29602,0.2663088,-0.7878567,1.073731,-0.238,-1.023,0.418,0,590.4029,0.688,0.088
22.42407,0.2666897,-0.7874498,1.073857,-0.238,-1.023,0.418,0,590.5029,0.688,0.088
22.64624,0.2696453,-0.7882154,1.072833,0.589,-1.023,0.433,0,590.6028,0.139,0.103
22.74756,0.2699028,-0.7882559,1.073098,0.619,-1.023,0.44,0,590.7028,0.169,0.11
22.85547,0.2702343,-0.7883573,1.072725,0.619,-1.023,0.44,0,590.8028,0.169,0.11
23.16895,0.2699597,-0.7882285,1.073314,0.745,-1.023,1.374,0,590.9028,0.295,0.9859999
23.28186,0.2702244,-0.7882609,1.073235,0.744,-1.023,1.417,0,591.0027,0.294,0.9429998
23.53564,0.2705374,-0.7884749,1.072646,-0.013,-1.023,1.529,0,591.1027,0.463,0.8309999
23.63647,0.2704949,-0.788162,1.072966,-0.013,-1.023,1.529,0,591.2027,0.463,0.8309999
24.00525,0.2707391,-0.7887346,1.073046,-0.045,-1.023,0.397,0,591.3027,0.495,0.067
24.11145,0.2707173,-0.7886672,1.072746,-0.047,-1.023,0.383,0,591.4026,0.497,0.05299997
24.36621,0.2706975,-0.7886967,1.072984,0.628,-1.023,0.444,0,591.5026,0.178,0.114
24.48218,0.2702961,-0.7888867,1.07323,0.628,-1.023,0.444,0,591.6026,0.178,0.114
24.70862,0.2693689,-0.7889478,1.07376,0.816,-1.023,1.354,0,591.7026,0.366,1.006
24.8208,0.2695307,-0.7889262,1.073815,0.815,-1.023,1.358,0,591.8026,0.365,1.002
24.99438,0.2694718,-0.7890651,1.074178,-0.129,-1.023,1.578,0,591.9025,0.579,0.7819999
25.10266,0.2694374,-0.7893098,1.074005,-0.129,-1.023,1.578,0,592.0025,0.579,0.7819999
25.37305,0.2697652,-0.7893194,1.073882,-0.255,-1.023,0.492,0,592.1025,0.705,0.162
25.65137,0.2696363,-0.7892731,1.07411,-0.178,-1.023,1.525,0,592.2025,0.628,0.8349999
25.75574,0.2698367,-0.7892794,1.073833,-0.178,-1.023,1.525,0,592.3024,0.628,0.8349999
25.85693,0.2698099,-0.7893032,1.0739,-0.178,-1.023,1.525,0,592.4024,0.628,0.8349999
25.95715,0.270043,-0.7893471,1.073602,-0.178,-1.023,1.525,0,592.5024,0.628,0.8349999
26.07532,0.270156,-0.7893324,1.073444,-0.178,-1.023,1.525,0,592.6024,0.628,0.8349999
26.19543,0.2701578,-0.7890065,1.07341,-0.178,-1.023,1.525,0,592.7023,0.628,0.8349999
26.31812,0.2700486,-0.7889504,1.073285,-0.178,-1.023,1.525,0,592.8023,0.628,0.8349999
26.41907,0.270225,-0.7889748,1.073274,-0.178,-1.023,1.525,0,592.9023,0.628,0.8349999
26.52014,0.2702334,-0.7891276,1.073311,-0.178,-1.023,1.525,0,593.0023,0.628,0.8349999
26.62805,0.2702,-0.789194,1.073335,-0.178,-1.023,1.525,0,593.1022,0.628,0.8349999
26.79419,0.2702503,-0.7891382,1.073376,-0.342,-1.023,1.014,0,593.2022,0.792,0.684
26.90381,0.270405,-0.7891145,1.073387,-0.342,-1.023,1.014,0,593.3022,0.792,0.684
27.01172,0.2701235,-0.7887928,1.073347,-0.342,-1.023,1.014,0,593.4022,0.792,0.684
27.11829,0.2703116,-0.7887266,1.0733,-0.342,-1.023,1.014,0,593.5021,0.792,0.684
27.45483,0.2721073,-0.7896985,1.071897,0.378,-1.023,0.685,0,593.6021,0.072,0.355
27.63782,0.272375,-0.7894498,1.071593,0.637,-1.023,0.798,0,593.7021,0.187,0.468
27.74866,0.2723847,-0.7897817,1.071455,0.637,-1.023,0.798,0,593.8021,0.187,0.468
27.86169,0.2724011,-0.7900714,1.071367,0.637,-1.023,0.798,0,593.902,0.187,0.468
27.96631,0.2714178,-0.7899503,1.071552,0.637,-1.023,0.798,0,594.002,0.187,0.468
28.0946,0.2717866,-0.7895701,1.071797,0.645,-1.023,0.829,0,594.102,0.195,0.499
28.29419,0.272035,-0.7899557,1.071527,0.367,-1.023,0.954,0,594.202,0.08299997,0.624
28.46277,0.2724265,-0.7901122,1.071558,0.12,-1.023,1.089,0,594.3019,0.33,0.7589999
28.677,0.2723838,-0.7901667,1.071435,-0.002,-1.023,1.26,0,594.4019,0.452,0.9299999
28.78577,0.2724904,-0.7903774,1.071211,-0.017,-1.023,1.282,0,594.5019,0.467,0.9519999
28.88892,0.2722356,-0.7901763,1.071212,-0.02,-1.023,1.287,0,594.6019,0.47,0.9569999
29.01953,0.2726618,-0.7900454,1.071467,-0.058,-1.023,1.341,0,594.7018,0.508,1.011
29.12939,0.2749099,-0.7905225,1.070231,-0.057,-1.023,1.345,0,594.8018,0.507,1.015
29.23914,0.2742489,-0.7912307,1.069526,-0.057,-1.023,1.345,0,594.9018,0.507,1.015
29.3938,0.2751815,-0.7920917,1.068818,-0.057,-1.023,1.345,0,595.0018,0.507,1.015
29.49646,0.2755136,-0.7924533,1.068687,-0.057,-1.023,1.345,0,595.1017,0.507,1.015
29.70374,0.2758615,-0.7925847,1.068219,-0.013,-1.023,1.493,0,595.2017,0.463,0.8669999
29.80981,0.2759854,-0.7924962,1.068188,-0.012,-1.023,1.5,0,595.3017,0.462,0.8599999
29.93311,0.2762571,-0.7926369,1.068198,0.002,-1.023,1.533,0,595.4017,0.448,0.8269999
30.04431,0.2766892,-0.7930819,1.067911,0.002,-1.023,1.533,0,595.5016,0.448,0.8269999
30.2041,0.2774628,-0.793456,1.067515,0.027,-1.023,1.665,0,595.6016,0.423,0.6949999
30.30884,0.2778478,-0.7933988,1.067151,0.027,-1.023,1.665,0,595.7016,0.423,0.6949999
30.42517,0.2780279,-0.7936156,1.066972,0.024,-1.023,1.666,0,595.8016,0.426,0.6939999
30.66223,0.278696,-0.7940999,1.066634,-0.234,-1.023,1.504,0,595.9016,0.684,0.8559999
30.77441,0.2786926,-0.7942557,1.066626,-0.282,-1.023,1.46,0,596.0015,0.732,0.8999999
30.91675,0.279032,-0.794485,1.066089,-0.303,-1.023,1.399,0,596.1015,0.753,0.9609998
31.02612,0.2786289,-0.7947889,1.066375,-0.314,-1.023,1.343,0,596.2015,0.764,1.013
31.39746,0.2763103,-0.7944488,1.067857,0.484,-1.023,1.059,0,596.3015,0.03400001,0.729
31.51624,0.2766855,-0.7940616,1.067729,0.518,-1.023,1.041,0,596.4014,0.06800002,0.711
31.63599,0.2763748,-0.7941421,1.06753,0.577,-1.023,0.984,0,596.5014,0.127,0.654
31.76172,0.2766102,-0.7942164,1.067509,0.671,-1.023,0.913,0,596.6014,0.221,0.5829999
31.86646,0.2769126,-0.7943971,1.067336,0.687,-1.023,0.899,0,596.7014,0.237,0.569
31.96704,0.2767035,-0.7944325,1.067185,0.691,-1.023,0.898,0,596.8013,0.241,0.568
32.2229,0.2767786,-0.7940756,1.067084,0.437,-1.023,1.159,0,596.9013,0.01299998,0.829
32.35071,0.2767732,-0.7944802,1.067038,0.374,-1.023,1.205,0,597.0013,0.07599998,0.875
32.45459,0.2769876,-0.7945186,1.066914,0.36,-1.023,1.217,0,597.1013,0.08999997,0.887
32.58215,0.2770254,-0.7942666,1.066715,0.343,-1.023,1.234,0,597.2012,0.107,0.9039999
32.71118,0.2772796,-0.794468,1.06684,0.224,-1.023,1.34,0,597.3012,0.226,1.01
32.92834,0.2772397,-0.7946326,1.066687,0.09,-1.023,1.454,0,597.4012,0.36,0.9059999
33.03857,0.2774163,-0.7946672,1.06677,0.057,-1.023,1.489,0,597.5012,0.393,0.8709999
33.21472,0.277495,-0.7945526,1.066594,-0.122,-1.023,1.596,0,597.6011,0.572,0.7639999
33.31665,0.2775826,-0.7947614,1.066538,-0.157,-1.023,1.611,0,597.7011,0.607,0.749
33.45667,0.2786947,-0.7952118,1.066141,-0.243,-1.023,1.603,0,597.8011,0.693,0.7569999
33.70691,0.2793142,-0.794723,1.065677,-0.059,-1.023,1.478,0,597.9011,0.509,0.8819999
33.85864,0.2789855,-0.7948338,1.066381,-0.033,-1.023,1.317,0,598.001,0.483,0.987
33.97253,0.2792403,-0.7953239,1.066188,-0.033,-1.023,1.235,0,598.101,0.483,0.905
34.10828,0.2790596,-0.7951496,1.066258,-0.033,-1.023,1.196,0,598.201,0.483,0.8659999
34.22009,0.2790851,-0.7953738,1.066637,-0.033,-1.023,1.196,0,598.301,0.483,0.8659999
34.4043,0.2783675,-0.7946926,1.067098,-0.039,-1.023,1.341,0,598.4009,0.489,1.011
34.50867,0.2782529,-0.7946134,1.067134,-0.038,-1.023,1.385,0,598.5009,0.488,0.9749999
34.70569,0.2781727,-0.7950151,1.066786,-0.116,-1.023,1.07,0,598.6009,0.566,0.74
34.90039,0.2782663,-0.7952759,1.066343,-0.031,-1.023,1.383,0,598.7009,0.481,0.9769999
35.03442,0.2779094,-0.7951319,1.066469,-0.061,-1.023,1.212,0,598.8008,0.511,0.882
35.15186,0.2773006,-0.7950875,1.066645,-0.017,-1.023,1.473,0,598.9008,0.467,0.8869998
35.26147,0.277747,-0.7948771,1.066402,-0.091,-1.023,1.271,0,599.0008,0.541,0.941
35.37878,0.2776347,-0.7947699,1.066481,-0.027,-1.023,1.516,0,599.1008,0.477,0.8439999
35.50732,0.2775393,-0.7949493,1.066391,-0.149,-1.023,1.232,0,599.2007,0.599,0.902
35.69482,0.2778614,-0.7950503,1.066283,-0.231,-1.023,1.196,0,599.3007,0.681,0.8659999
35.80273,0.2779355,-0.7952909,1.066239,-0.132,-1.023,1.461,0,599.4007,0.582,0.8989999
35.91492,0.2780474,-0.7950305,1.065841,-0.235,-1.023,1.231,0,599.5007,0.685,0.9009999
36.06567,0.2778244,-0.7949234,1.065711,-0.299,-1.023,1.069,0,599.6006,0.749,0.739
36.1665,0.2782429,-0.7950934,1.065721,-0.299,-1.023,1.069,0,599.7006,0.749,0.739
36.33484,0.278232,-0.795255,1.065828,-0.307,-1.023,0.934,0,599.8006,0.757,0.604
36.46106,0.2779965,-0.7951491,1.066051,-0.015,-1.023,1.427,0,599.9006,0.465,0.9329998
36.56824,0.2777275,-0.794606,1.066552,-0.131,-1.023,1.058,0,600.0005,0.581,0.7279999
36.69446,0.277878,-0.794722,1.066243,-0.054,-1.023,1.244,0,600.1005,0.504,0.9139999
36.7998,0.278125,-0.7947775,1.066208,-0.054,-1.023,1.244,0,600.2005,0.504,0.9139999
36.91467,0.2782411,-0.7948673,1.066078,-0.054,-1.023,1.244,0,600.3005,0.504,0.9139999
37.01819,0.2780784,-0.7949319,1.066181,-0.054,-1.023,1.244,0,600.4005,0.504,0.9139999
37.12549,0.278522,-0.794875,1.066121,-0.054,-1.023,1.244,0,600.5004,0.504,0.9139999
37.25037,0.2785957,-0.7947128,1.065999,-0.135,-1.023,0.995,0,600.6004,0.585,0.665
37.35291,0.2786215,-0.7948747,1.065956,-0.055,-1.023,1.281,0,600.7004,0.505,0.951
37.48401,0.2786742,-0.7951459,1.065829,-0.03,-1.023,0.583,0,600.8004,0.48,0.253
37.58875,0.2787961,-0.7949,1.065865,-0.022,-1.023,0.992,0,600.9003,0.472,0.6619999
37.76001,0.278932,-0.7952405,1.06558,-0.032,-1.023,0.885,0,601.0003,0.482,0.5549999
37.94482,0.2788078,-0.7951958,1.065729,-0.014,-1.023,0.969,0,601.1003,0.464,0.6389999
38.14307,0.2775035,-0.7945787,1.066567,-0.038,-1.023,0.925,0,601.2003,0.488,0.595
38.34229,0.2776327,-0.7943504,1.066929,-0.06,-1.023,1.048,0,601.3002,0.51,0.7179999
38.53735,0.2776993,-0.7945026,1.066952,-0.163,-1.023,1.06,0,601.4002,0.613,0.7299999
38.76282,0.2780475,-0.7944481,1.066857,-0.22,-1.023,0.909,0,601.5002,0.67,0.579
38.86902,0.2776757,-0.7943198,1.066902,-0.114,-1.023,0.562,0,601.6002,0.564,0.232
39.20239,0.2773559,-0.794045,1.067012,-0.296,-1.023,0.742,0,601.7001,0.746,0.412
39.37451,0.277282,-0.7940122,1.067155,0.066,-1.023,0.469,0,601.8001,0.384,0.139
39.62622,0.2772865,-0.7940691,1.067183,0.337,-1.023,0.389,0,601.9001,0.113,0.05899999
39.78027,0.2770191,-0.7939257,1.067347,0.221,-1.023,0.408,0,602.0001,0.229,0.07799998
39.96387,0.2768697,-0.7936655,1.067484,0.467,-1.023,0.427,0,602.1,0.01700002,0.09699997
40.11975,0.2768995,-0.7935958,1.067636,0.102,-1.023,0.399,0,602.2,0.348,0.06899998
40.28882,0.2730123,-0.7927684,1.067481,0.442,-1.023,0.459,0,602.3,0.007999986,0.129
40.448,0.2734501,-0.7924806,1.067499,0.107,-1.023,0.398,0,602.4,0.343,0.06799999
40.59058,0.2730803,-0.7923102,1.067513,0.37,-1.023,0.429,0,602.4999,0.07999998,0.09899998
40.73169,0.273026,-0.7923431,1.067663,0.045,-1.023,0.419,0,602.5999,0.405,0.08899999
40.8667,0.2731658,-0.792334,1.067757,0.302,-1.023,0.47,0,602.6999,0.148,0.14
41.0188,0.2734527,-0.7924385,1.067642,0.086,-1.023,0.417,0,602.7999,0.364,0.08699998
41.15784,0.2736395,-0.7923185,1.067828,0.339,-1.023,0.429,0,602.8998,0.111,0.09899998
41.31982,0.2736285,-0.7921066,1.067689,-0.081,-1.023,0.46,0,602.9998,0.531,0.13
41.47351,0.2733181,-0.7920942,1.067718,0.181,-1.023,0.45,0,603.0998,0.269,0.12
41.58032,0.2735439,-0.7921557,1.067765,0.181,-1.023,0.45,0,603.1998,0.269,0.12
41.84558,0.2735591,-0.7922239,1.067674,0.044,-1.023,0.44,0,603.2997,0.406,0.11
41.95581,0.2737415,-0.7922605,1.067621,0.048,-1.023,0.439,0,603.3997,0.402,0.109
42.06848,0.2738496,-0.7921835,1.067526,0.104,-1.023,0.413,0,603.4997,0.346,0.08299997
42.18604,0.2738848,-0.7921078,1.067523,0.02,-1.023,0.403,0,603.5997,0.43,0.07299998
42.35852,0.2741258,-0.7920551,1.06752,0.354,-1.023,0.452,0,603.6996,0.09599999,0.122
42.46094,0.274291,-0.7920622,1.067459,0.354,-1.023,0.452,0,603.7996,0.09599999,0.122
42.60461,0.2746508,-0.7922087,1.067458,-0.004,-1.023,0.484,0,603.8996,0.454,0.154
42.74097,0.2748505,-0.7921749,1.067442,0.088,-1.023,0.504,0,603.9996,0.362,0.174
42.87256,0.2749328,-0.7920792,1.067418,-0.067,-1.023,0.491,0,604.0995,0.517,0.161
43.03284,0.275013,-0.7918403,1.067276,0.205,-1.023,0.563,0,604.1995,0.245,0.233
43.20825,0.275261,-0.7917581,1.067564,-0.068,-1.023,0.747,0,604.2995,0.518,0.417
43.32214,0.2756628,-0.7918142,1.067426,-0.035,-1.023,0.74,0,604.3995,0.485,0.41
43.47083,0.2758699,-0.7917256,1.067566,-0.088,-1.023,0.709,0,604.4995,0.538,0.379
43.5968,0.2761516,-0.791853,1.06766,0.076,-1.023,0.709,0,604.5994,0.374,0.379
43.76514,0.2760586,-0.7914869,1.067548,0.001,-1.023,0.696,0,604.6994,0.449,0.366
43.86719,0.276275,-0.7914038,1.067232,-0.007,-1.023,0.697,0,604.7994,0.457,0.367
44.01184,0.276099,-0.7910878,1.067401,0.38,-1.023,0.661,0,604.8994,0.06999999,0.331
44.11426,0.2763961,-0.7912879,1.067432,0.363,-1.023,0.646,0,604.9993,0.08699998,0.316
44.25671,0.2764552,-0.7913405,1.067615,0.303,-1.023,0.635,0,605.0993,0.147,0.305
44.44495,0.276058,-0.7915524,1.068141,0.142,-1.023,0.658,0,605.1993,0.308,0.328
44.62817,0.2751334,-0.7914032,1.067917,-0.128,-1.023,0.681,0,605.2993,0.578,0.351
44.81482,0.2752438,-0.7912279,1.067887,0.294,-1.023,0.637,0,605.3992,0.156,0.307
45.02026,0.2758492,-0.791113,1.06782,-0.157,-1.023,0.598,0,605.4992,0.607,0.268
45.18921,0.275748,-0.7913022,1.067932,0.24,-1.023,0.697,0,605.5992,0.21,0.367
45.33789,0.2760188,-0.7912074,1.068054,-0.043,-1.023,0.611,0,605.6992,0.493,0.281
45.49585,0.2758684,-0.7909893,1.068107,0.389,-1.023,0.671,0,605.7991,0.06099999,0.341
45.62537,0.2756095,-0.7908426,1.068153,0.111,-1.023,0.577,0,605.8991,0.339,0.247
45.76038,0.2757616,-0.790779,1.0679,0.343,-1.023,0.602,0,605.9991,0.107,0.272
45.89905,0.2759621,-0.7907986,1.06803,-0.036,-1.023,0.603,0,606.0991,0.486,0.273
46.01538,0.2760739,-0.7908892,1.068259,-0.007,-1.023,0.616,0,606.199,0.457,0.286
46.22827,0.2759471,-0.7910225,1.068575,-0.126,-1.023,0.961,0,606.299,0.576,0.631
46.42834,0.2756966,-0.7907175,1.06857,-0.128,-1.023,0.772,0,606.399,0.578,0.442
46.61377,0.2764113,-0.7904388,1.068094,-0.219,-1.023,1.077,0,606.499,0.669,0.747
46.73816,0.2766531,-0.7905546,1.068079,-0.182,-1.023,0.784,0,606.5989,0.632,0.454
46.91797,0.2767785,-0.7904891,1.06804,-0.28,-1.023,1.142,0,606.6989,0.73,0.8119999
47.07129,0.2777876,-0.7908573,1.067485,-0.246,-1.023,0.904,0,606.7989,0.696,0.574
47.23035,0.2775635,-0.7905067,1.067337,-0.316,-1.023,1.264,0,606.8989,0.766,0.934
47.4021,0.2781845,-0.7910155,1.066659,-0.309,-1.023,1.012,0,606.9988,0.7589999,0.6819999
47.59192,0.2783619,-0.7919743,1.065836,-0.384,-1.023,1.288,0,607.0988,0.834,0.9579999
47.72424,0.2785108,-0.7919114,1.065595,-0.263,-1.023,1.013,0,607.1988,0.713,0.683
47.91174,0.2785035,-0.7919737,1.065458,-0.236,-1.023,1.467,0,607.2988,0.686,0.8929999
48.0144,0.2784783,-0.7920133,1.06521,-0.236,-1.023,1.467,0,607.3987,0.686,0.8929999
48.12903,0.278416,-0.7923173,1.065577,-0.235,-1.023,1.471,0,607.4987,0.685,0.8889999
48.25525,0.2787869,-0.7924193,1.065584,-0.141,-1.023,1.588,0,607.5987,0.591,0.7719998
48.3623,0.2786587,-0.7924693,1.065828,-0.141,-1.023,1.588,0,607.6987,0.591,0.7719998
48.47986,0.2790118,-0.792522,1.065461,-0.134,-1.023,1.603,0,607.7986,0.584,0.7569999
48.60486,0.2790262,-0.7927293,1.065081,-0.057,-1.023,1.683,0,607.8986,0.507,0.6769999
48.72241,0.2800085,-0.7935541,1.065137,-0.055,-1.023,1.69,0,607.9986,0.505,0.6699998
48.84302,0.2801997,-0.7941234,1.065361,-0.055,-1.023,1.69,0,608.0986,0.505,0.6699998
48.94482,0.279975,-0.7942455,1.065389,-0.055,-1.023,1.69,0,608.1985,0.505,0.6699998
49.05164,0.2799704,-0.7941403,1.065371,-0.055,-1.023,1.69,0,608.2985,0.505,0.6699998
49.15527,0.2797145,-0.7940201,1.065258,-0.055,-1.023,1.69,0,608.3985,0.505,0.6699998
49.26221,0.2798271,-0.7939114,1.065476,-0.059,-1.023,1.691,0,608.4985,0.509,0.6689999
49.42749,0.2796963,-0.7940208,1.06555,-0.13,-1.023,1.574,0,608.5984,0.58,0.7859999
49.53906,0.2797559,-0.7939848,1.065417,-0.134,-1.023,1.559,0,608.6984,0.584,0.8009999
49.64417,0.2797713,-0.793801,1.065625,-0.134,-1.023,1.559,0,608.7984,0.584,0.8009999
49.74524,0.2797938,-0.7936921,1.065801,-0.134,-1.023,1.559,0,608.8984,0.584,0.8009999
49.85388,0.2802376,-0.7939233,1.065549,-0.134,-1.023,1.559,0,608.9984,0.584,0.8009999
49.98108,0.2801997,-0.7943391,1.066147,-0.134,-1.023,1.559,0,609.0983,0.584,0.8009999
50.11462,0.2806167,-0.7941056,1.065959,-0.134,-1.023,1.559,0,609.1983,0.584,0.8009999
50.21973,0.2808695,-0.7937326,1.065391,-0.156,-1.023,1.512,0,609.2983,0.606,0.8479999
50.33411,0.280865,-0.7939987,1.065476,-0.166,-1.023,1.485,0,609.3983,0.616,0.8749999
50.43604,0.2810869,-0.7941425,1.065378,-0.167,-1.023,1.481,0,609.4982,0.617,0.8789999
50.53723,0.280855,-0.7944161,1.065724,-0.17,-1.023,1.469,0,609.5982,0.62,0.8909999
50.64221,0.2808803,-0.7943296,1.065815,-0.17,-1.023,1.469,0,609.6982,0.62,0.8909999
50.75452,0.2808322,-0.7943477,1.065767,-0.168,-1.023,1.477,0,609.7982,0.618,0.8829999
50.87415,0.2808724,-0.7940986,1.06541,-0.168,-1.023,1.477,0,609.8981,0.618,0.8829999
50.99451,0.2807252,-0.7944612,1.065583,-0.168,-1.023,1.477,0,609.9981,0.618,0.8829999
51.11938,0.2806944,-0.7946164,1.065659,-0.168,-1.023,1.477,0,610.0981,0.618,0.8829999
51.23914,0.2806686,-0.7948017,1.065668,-0.168,-1.023,1.477,0,610.1981,0.618,0.8829999
51.35681,0.2810031,-0.7948244,1.065558,-0.168,-1.023,1.477,0,610.298,0.618,0.8829999
51.60571,0.2809009,-0.7945479,1.065347,-0.168,-1.023,1.477,0,610.398,0.618,0.8829999
51.91785,0.2807052,-0.7947455,1.065576,-0.168,-1.023,1.477,0,610.498,0.618,0.8829999
52.1283,0.2808391,-0.7945882,1.065776,-0.168,-1.023,1.477,0,610.598,0.618,0.8829999
52.40515,0.2809049,-0.7943936,1.065842,-0.168,-1.023,1.477,0,610.6979,0.618,0.8829999
52.54602,0.2685925,-0.7786575,1.088989,-0.168,-1.023,1.477,0,610.7979,0.618,0.8829999
